Workbook

Sheet POWER PATHWAY V4
A1: Region | B1: Value | C1: Unit | D1: 2020 | E1: 2021 | F1: 2022 | G1: 2023 | H1: 2025 | I1: 2030 | J1: 2035 | K1: 2040 | L1: 2045 | M1: 2050
A2: Advanced Economies | B2: Power generation emissions | C2: MtCO2 | D2: ='IEA EDGAR Emissions'!Q3 -> 3670.1762 | E2: ='IEA EDGAR Emissions'!R3 -> 3867.0883 | F2: ='IEA EDGAR Emissions'!S3 -> 3774.159 | G2: ='IEA EDGAR Emissions'!T3 -> 3471.8132 | H2: =G2+(I2-G2)*(H$1-G$1)/(I$1-G$1) -> 2837.6437 | I2: ='IEA WEO NZE 2024 2030-2050'!D4 -> 1252.22 | J2: ='IEA WEO NZE 2024 2030-2050'!E4 -> 50.85 | K2: ='IEA WEO NZE 2024 2030-2050'!F4 -> 26.64 | L2: ='IEA WEO NZE 2024 2030-2050'!G4 -> 23.37 | M2: ='IEA WEO NZE 2024 2030-2050'!H4 -> 60.57
A3: Advanced Economies | B3: Power generation activity | C3: PWh | D3: ='IEA World Energy Balances 2025'!N4/3600 -> 11.729167 | E3: ='IEA World Energy Balances 2025'!O4/3600 -> 12.082777 | F3: ='IEA World Energy Balances 2025'!P4/3600 -> 12.052724 | G3: ='IEA World Energy Balances 2025'!Q4/3600 -> 11.872386 | H3: =G3+(I3-G3)*(H$1-G$1)/(I$1-G$1) -> 12.665977 | I3: ='IEA WEO NZE 2024 2030-2050'!D9/1000 -> 14.649955 | J3: ='IEA WEO NZE 2024 2030-2050'!E9/1000 -> 17.457849 | K3: ='IEA WEO NZE 2024 2030-2050'!F9/1000 -> 20.964358 | L3: ='IEA WEO NZE 2024 2030-2050'!G9/1000 -> 22.970578 | M3: ='IEA WEO NZE 2024 2030-2050'!H9/1000 -> 24.61261
A4: Advanced Economies | B4: Power generation emissions intensity | C4: kgCO2/MWh | D4: =D2/D3 -> 312.91023 | E4: =E2/E3 -> 320.04964 | F4: =F2/F3 -> 313.13743 | G4: =G2/G3 -> 292.42758 | H4: =H2/H3 -> 224.03669 | I4: =I2/I3 -> 85.47603 | J4: =J2/J3 -> 2.91273 | K4: =K2/K3 -> 1.2707281 | ... M4: =M2/M3 -> 2.4609336
A6: Emerging economies | B6: Power generation emissions | C6: MtCO2 | D6: ='IEA EDGAR Emissions'!Q4 -> 10029.257 | E6: ='IEA EDGAR Emissions'!R4 -> 10913.318 | F6: ='IEA EDGAR Emissions'!S4 -> 11183.501 | G6: ='IEA EDGAR Emissions'!T4 -> 11781.149 | H6: =G6+(I6-G6)*(H$1-G$1)/(I$1-G$1) -> 10573.315 | I6: ='IEA WEO NZE 2024 2030-2050'!D15 -> 7553.73 | J6: ='IEA WEO NZE 2024 2030-2050'!E15 -> 3166.39 | K6: ='IEA WEO NZE 2024 2030-2050'!F15 -> 660.95 | L6: ='IEA WEO NZE 2024 2030-2050'!G15 -> 159 | M6: ='IEA WEO NZE 2024 2030-2050'!H15 -> 70.75
A7: Emerging economies | B7: Power generation activity | C7: PWh | D7: ='IEA World Energy Balances 2025'!N5/3600 -> 19.587222 | E7: ='IEA World Energy Balances 2025'!O5/3600 -> 21.316926 | F7: ='IEA World Energy Balances 2025'!P5/3600 -> 22.15407 | G7: ='IEA World Energy Balances 2025'!Q5/3600 -> 23.315877 | H7: =G7+(I7-G7)*(H$1-G$1)/(I$1-G$1) -> 25.193572 | I7: ='IEA WEO NZE 2024 2030-2050'!D20/1000 -> 29.887809 | J7: ='IEA WEO NZE 2024 2030-2050'!E20/1000 -> 36.843797 | K7: ='IEA WEO NZE 2024 2030-2050'!F20/1000 -> 44.585216 | L7: ='IEA WEO NZE 2024 2030-2050'!G20/1000 -> 51.676311 | M7: ='IEA WEO NZE 2024 2030-2050'!H20/1000 -> 57.988024
A8: Emerging economies | B8: Power generation emissions intensity | C8: kgCO2/MWh | D8: =D6/D7 -> 512.03057 | E8: =E6/E7 -> 511.95555 | F8: =F6/F7 -> 504.80573 | G8: =G6/G7 -> 505.28438 | H8: =H6/H7 -> 419.68304 | I8: =I6/I7 -> 252.73616 | J8: =J6/J7 -> 85.940926 | K8: =K6/K7 -> 14.824421 | ... M8: =M6/M7 -> 1.2200795
A10: Global | B10: Power generation emissions | C10: MtCO2 | D10: ='IEA EDGAR Emissions'!Q5 -> 13699.433 | E10: ='IEA EDGAR Emissions'!R5 -> 14780.407 | F10: ='IEA EDGAR Emissions'!S5 -> 14957.66 | G10: ='IEA EDGAR Emissions'!T5 -> 15252.962 | H10: =G10+(I10-G10)*(H$1-G$1)/(I$1-G$1) -> 13410.958 | I10: ='IEA WEO NZE 2024 2030-2050'!D26 -> 8805.95 | J10: ='IEA WEO NZE 2024 2030-2050'!E26 -> 3217.24 | K10: ='IEA WEO NZE 2024 2030-2050'!F26 -> 687.59 | L10: ='IEA WEO NZE 2024 2030-2050'!G26 -> 182.37 | M10: ='IEA WEO NZE 2024 2030-2050'!H26 -> 131.32
A11: Global | B11: Power generation activity | C11: PWh | D11: ='IEA World Energy Balances 2025'!N6/3600 -> 31.316389 | E11: ='IEA World Energy Balances 2025'!O6/3600 -> 33.399702 | F11: ='IEA World Energy Balances 2025'!P6/3600 -> 34.206794 | G11: ='IEA World Energy Balances 2025'!Q6/3600 -> 35.188263 | H11: =G11+(I11-G11)*(H$1-G$1)/(I$1-G$1) -> 37.851085 | I11: ='IEA WEO NZE 2024 2030-2050'!D31/1000 -> 44.508139 | J11: ='IEA WEO NZE 2024 2030-2050'!E31/1000 -> 54.275284 | K11: ='IEA WEO NZE 2024 2030-2050'!F31/1000 -> 65.526532 | L11: ='IEA WEO NZE 2024 2030-2050'!G31/1000 -> 74.627417 | M11: ='IEA WEO NZE 2024 2030-2050'!H31/1000 -> 82.584634
A12: Global | B12: Power generation emissions intensity | C12: kgCO2/MWh | D12: =D10/D11 -> 437.4525 | E12: =E10/E11 -> 442.53109 | F12: =F10/F11 -> 437.27163 | G12: =G10/G11 -> 433.46731 | H12: =H10/H11 -> 354.30843 | I12: =I10/I11 -> 197.85033 | J12: =J10/J11 -> 59.276336 | K12: =K10/K11 -> 10.493307 | ... M12: =M10/M11 -> 1.5901263

Sheet IEA WEO NZE 2024 2030-2050
A1: Region | B1: Value | C1: Unit | D1: 2030 | E1: 2035 | F1: 2040 | G1: 2045 | H1: 2050 | K1: Heat loss factor from IEA world energy balances
A2: Advanced Economies | B2: Net power emissions | C2: MtCO2 | D2: 1276.59 | E2: -52.62 | F2: -129.79 | G2: -148.56 | H2: -115.68 | K2: AE | L2: 1.21
A3: Advanced Economies | B3: Biomass power emissions | C3: MtCO2 | D3: 24.37 | E3: -103.47 | F3: -156.43 | G3: -171.93 | H3: -176.25 | K3: EE | L3: 1.16
A4: Advanced Economies | B4: Gross power emissions | C4: MtCO2 | D4: =D2-D3 -> 1252.22 | E4: =E2-E3 -> 50.85 | F4: =F2-F3 -> 26.64 | G4: =G2-G3 -> 23.37 | H4: =H2-H3 -> 60.57 | K4: Global | L4: 1.16
A5: Advanced Economies | B5: Electricity activity | C5: TWh | D5: 13933.03 | E5: 16819.91 | F5: 20406.75 | G5: 22499.35 | H5: 24225.41
A6: Advanced Economies | B6: Heat activity | C6: PJ | D6: 2133 | E6: 1898 | F6: 1659 | G6: 1402 | H6: 1152
A7: Advanced Economies | B7: Heat consumption | C7: TWh | D7: =D6/3.6 -> 592.5 | E7: =E6/3.6 -> 527.22222 | F7: =F6/3.6 -> 460.83333 | G7: =G6/3.6 -> 389.44444 | H7: =H6/3.6 -> 320
A8: Advanced Economies | B8: Heat activity | C8: TWh | D8: =D7*$L$2 -> 716.925 | E8: =E7*$L$2 -> 637.93889 | F8: =F7*$L$2 -> 557.60833 | G8: =G7*$L$2 -> 471.22778 | H8: =H7*$L$2 -> 387.2
A9: Advanced Economies | B9: Power activity | C9: TWh | D9: =D8+D5 -> 14649.955 | E9: =E8+E5 -> 17457.849 | F9: =F8+F5 -> 20964.358 | G9: =G8+G5 -> 22970.578 | H9: =H8+H5 -> 24612.61
A10: Advanced Economies | B10: Emissions intensity | C10: kgCO2/MWh | D10: =(D4/D9)*1000 -> 85.47603 | E10: =(E4/E9)*1000 -> 2.91273 | F10: =(F4/F9)*1000 -> 1.2707281 | G10: =(G4/G9)*1000 -> 1.0173884 | H10: =(H4/H9)*1000 -> 2.4609336
A13: Emerging Economies | B13: Net power emissions | C13: MtCO2 | D13: =D24-D2 -> 7584.28 | E13: =E24-E2 -> 3106.96 | F13: =F24-F2 -> 513.75 | G13: =G24-G2 -> -52.82 | H13: =H24-H2 -> -183.32
A14: Emerging Economies | B14: Biomass power emissions | C14: MtCO2 | D14: =D25-D3 -> 30.55 | E14: =E25-E3 -> -59.43 | F14: =F25-F3 -> -147.2 | G14: =G25-G3 -> -211.82 | H14: =H25-H3 -> -254.07
A15: Emerging Economies | B15: Gross power emissions | C15: MtCO2 | D15: =D13-D14 -> 7553.73 | E15: =E13-E14 -> 3166.39 | F15: =F13-F14 -> 660.95 | G15: =G13-G14 -> 159 | H15: =H13-H14 -> 70.75
A16: Emerging Economies | B16: Electricity activity | C16: TWh | D16: =D27-D5 -> 25849.72 | E16: =E27-E5 -> 33264.23 | F16: =F27-F5 -> 41558.26 | G16: =G27-G5 -> 49206.8 | H16: =H27-H5 -> 55968.98
A17: Emerging Economies | B17: Heat activity | C17: PJ | D17: =(D28*1000)-D6 -> 12532 | E17: =(E28*1000)-E6 -> 11109 | F17: =(F28*1000)-F6 -> 9394 | G17: =(G28*1000)-G6 -> 7664 | H17: =(H28*1000)-H6 -> 6266
A18: Emerging Economies | B18: Heat consumption | C18: TWh | D18: =D17/3.6 -> 3481.1111 | E18: =E17/3.6 -> 3085.8333 | F18: =F17/3.6 -> 2609.4444 | G18: =G17/3.6 -> 2128.8889 | H18: =H17/3.6 -> 1740.5556
A19: Emerging Economies | B19: Heat activity | C19: TWh | D19: =D18*$L$3 -> 4038.0889 | E19: =E18*$L$3 -> 3579.5667 | F19: =F18*$L$3 -> 3026.9556 | G19: =G18*$L$3 -> 2469.5111 | H19: =H18*$L$3 -> 2019.0444
A20: Emerging Economies | B20: Power activity | C20: TWh | D20: =D16+D19 -> 29887.809 | E20: =E16+E19 -> 36843.797 | F20: =F16+F19 -> 44585.216 | G20: =G16+G19 -> 51676.311 | H20: =H16+H19 -> 57988.024
A21: Emerging Economies | B21: Emissions intensity | C21: kgCO2/MWh | D21: =(D15/D20)*1000 -> 252.73616 | E21: =(E15/E20)*1000 -> 85.940926 | F21: =(F15/F20)*1000 -> 14.824421 | G21: =(G15/G20)*1000 -> 3.076845 | H21: =(H15/H20)*1000 -> 1.2200795
A24: Global | B24: Net power emissions | C24: MtCO2 | D24: 8860.87 | E24: 3054.34 | F24: 383.96 | G24: -201.38 | H24: -299
A25: Global | B25: Biomass power emissions | C25: MtCO2 | D25: 54.92 | E25: -162.9 | F25: -303.63 | G25: -383.75 | H25: -430.32
A26: Global | B26: Gross power emissions | C26: MtCO2 | D26: =D24-D25 -> 8805.95 | E26: =E24-E25 -> 3217.24 | F26: =F24-F25 -> 687.59 | G26: =G24-G25 -> 182.37 | H26: =H24-H25 -> 131.32
A27: Global | B27: Electricity activity | C27: TWh | D27: 39782.75 | E27: 50084.14 | F27: 61965.01 | G27: 71706.15 | H27: 80194.39
A28: Global | B28: Heat activity | C28: EJ | D28: 14.665 | E28: 13.007 | F28: 11.053 | G28: 9.066 | H28: 7.418
A29: Global | B29: Heat consumption | C29: TWh | D29: =D28/0.0036 -> 4073.6111 | E29: =E28/0.0036 -> 3613.0556 | F29: =F28/0.0036 -> 3070.2778 | G29: =G28/0.0036 -> 2518.3333 | H29: =H28/0.0036 -> 2060.5556
A30: Global | B30: Heat activity | C30: TWh | D30: =D29*$L$4 -> 4725.3889 | E30: =E29*$L$4 -> 4191.1444 | F30: =F29*$L$4 -> 3561.5222 | G30: =G29*$L$4 -> 2921.2667 | H30: =H29*$L$4 -> 2390.2444
A31: Global | B31: Power activity | C31: TWh | D31: =D27+D30 -> 44508.139 | E31: =E27+E30 -> 54275.284 | F31: =F27+F30 -> 65526.532 | G31: =G27+G30 -> 74627.417 | H31: =H27+H30 -> 82584.634
A32: Global | B32: Emissions intensity | C32: kgCO2/MWh | D32: =(D26/D31)*1000 -> 197.85033 | E32: =(E26/E31)*1000 -> 59.276336 | F32: =(F26/F31)*1000 -> 10.493307 | G32: =(G26/G31)*1000 -> 2.44374 | H32: =(H26/H31)*1000 -> 1.5901263

Sheet IEA EDGAR Emissions
A1: IPCC_annex | B1: C_group_IM24_sh | C1: Country_code_A3 | D1: Name | E1: ipcc_code_2006_for_standard_report | F1: ipcc_code_2006_for_standard_report_name | G1: Substance | H1: fossil_bio | I1: Y_2020 | J1: Y_2021 | K1: Y_2022 | L1: Y_2023 | O1: 2020 Emissions
A2: Non-Annex_I | B2: Rest Central America | C2: ABW | D2: Aruba | E2: 1.A.1.a | F2: Main Activity Electricity and Heat Production | G2: CO2 | H2: fossil | I2: 251.29352 | J2: 256.13249 | K2: 271.01221 | L2: 270.46344 | O2: Geography | P2: Unit | Q2: 2020 | R2: 2021 | S2: 2022 | T2: 2023
A3: Non-Annex_I | B3: Rest Central America | C3: ABW | D3: Aruba | E3: 1.A.2 | F3: Manufacturing Industries and Construction | G3: CO2 | H3: fossil | I3: 28.657397 | J3: 34.630667 | K3: 36.642767 | L3: 36.56857 | O3: Advanced Economies | P3: MtCO2 | Q3: {=SUMPRODUCT(($E$2:$E$3534="1.A.1.a")*ISNUMBER(MATCH($C$2:$C$3534,{"AUS","AUT","BEL","CAN","CHL","COL","CRI","CZE","DNK","EST","FIN","FRA","DEU","GRC","HUN","ISL","IRL","ISR","ITA","JPN","KOR","LVA","LTU","LUX","MEX","NLD","NZL","NOR","POL","PRT","SVK","SVN","ESP","SWE","CHE","TUR","GBR","USA"},0))*$I$2:$I$3534) /1000} -> 3670.1762 | R3: {=SUMPRODUCT(($E$2:$E$3534="1.A.1.a")*ISNUMBER(MATCH($C$2:$C$3534,{"AUS","AUT","BEL","CAN","CHL","COL","CRI","CZE","DNK","EST","FIN","FRA","DEU","GRC","HUN","ISL","IRL","ISR","ITA","JPN","KOR","LVA","LTU","LUX","MEX","NLD","NZL","NOR","POL","PRT","SVK","SVN","ESP","SWE","CHE","TUR","GBR","USA"},0))*$J$2:$J$3534) /1000} -> 3867.0883 | S3: {=SUMPRODUCT(($E$2:$E$3534="1.A.1.a")*ISNUMBER(MATCH($C$2:$C$3534,{"AUS","AUT","BEL","CAN","CHL","COL","CRI","CZE","DNK","EST","FIN","FRA","DEU","GRC","HUN","ISL","IRL","ISR","ITA","JPN","KOR","LVA","LTU","LUX","MEX","NLD","NZL","NOR","POL","PRT","SVK","SVN","ESP","SWE","CHE","TUR","GBR","USA"},0))*$K$2:$K$3534) /1000} -> 3774.159 | T3: {=SUMPRODUCT(($E$2:$E$3534="1.A.1.a")*ISNUMBER(MATCH($C$2:$C$3534,{"AUS","AUT","BEL","CAN","CHL","COL","CRI","CZE","DNK","EST","FIN","FRA","DEU","GRC","HUN","ISL","IRL","ISR","ITA","JPN","KOR","LVA","LTU","LUX","MEX","NLD","NZL","NOR","POL","PRT","SVK","SVN","ESP","SWE","CHE","TUR","GBR","USA"},0))*$L$2:$L$3534) /1000} -> 3471.8132
A4: Non-Annex_I | B4: Rest Central America | C4: ABW | D4: Aruba | E4: 1.A.3.a | F4: Civil Aviation | G4: CO2 | H4: fossil | I4: 12.101409 | J4: 12.62712 | K4: 13.360779 | L4: 15.254929 | O4: Emerging Economies | P4: MtCO2 | Q4: =Q5-Q3 -> 10029.257 | R4: =R5-R3 -> 10913.318 | S4: =S5-S3 -> 11183.501 | T4: =T5-T3 -> 11781.149
A5: Non-Annex_I | B5: Rest Central America | C5: ABW | D5: Aruba | E5: 1.A.3.b_noRES | F5: Road Transportation no resuspension | G5: CO2 | H5: fossil | I5: 138.52495 | J5: 144.87296 | K5: 153.2906 | L5: 152.9802 | O5: Global | P5: MtCO2 | Q5: =SUMIFS($I$2:$I$3534,$E$2:$E$3534,"1.A.1.a")/1000 -> 13699.433 | R5: =SUMIFS($J$2:$J$3534,$E$2:$E$3534,"1.A.1.a")/1000 -> 14780.407 | S5: =SUMIFS($K$2:$K$3534,$E$2:$E$3534,"1.A.1.a")/1000 -> 14957.66 | T5: =SUMIFS($L$2:$L$3534,$E$2:$E$3534,"1.A.1.a")/1000 -> 15252.962
A6: Non-Annex_I | B6: Rest Central America | C6: ABW | D6: Aruba | E6: 1.A.3.d | F6: Water-borne Navigation | G6: CO2 | H6: fossil | I6: 10.644315 | J6: 10.828778 | K6: 11.458059 | L6: 12.209959
A7: Non-Annex_I | B7: Rest Central America | C7: ABW | D7: Aruba | E7: 1.A.3.e | F7: Other Transportation | G7: CO2 | H7: fossil | I7: 4.5708872 | J7: 4.3694703 | K7: 4.6234342 | L7: 4.6140723
A8: Non-Annex_I | B8: Rest Central America | C8: ABW | D8: Aruba | E8: 1.A.4 | F8: Residential and other sectors | G8: CO2 | H8: fossil | I8: 38.09707 | J8: 38.698683 | K8: 39.608363 | L8: 39.528161
A9: Non-Annex_I | B9: Rest Central America | C9: ABW | D9: Aruba | E9: 1.A.5 | F9: Non-Specified | G9: CO2 | H9: fossil | I9: 2.9238011 | J9: 3.2194985 | K9: 3.4065293 | L9: 3.3996315
A10: Non-Annex_I | B10: Rest Central America | C10: ABW | D10: Aruba | E10: 1.B.2 | F10: Oil and Natural Gas | G10: CO2 | H10: fossil
A11: Non-Annex_I | B11: Rest Central America | C11: ABW | D11: Aruba | E11: 2.A.3 | F11: Glass Production | G11: CO2 | H11: fossil | I11: 0.0052707 | J11: 0.0052921741 | K11: 0.0053137031 | L11: 0.0053347818
A12: Non-Annex_I | B12: Rest Central America | C12: ABW | D12: Aruba | E12: 2.A.4 | F12: Other Process Uses of Carbonates | G12: CO2 | H12: fossil | I12: 0.0001736 | J12: 0.00020568735 | K12: 0.00024372495 | L12: 0.00028964794
A13: Non-Annex_I | B13: Rest Central America | C13: ABW | D13: Aruba | E13: 2.D | F13: Non-Energy Products from Fuels and Solvent Use | G13: CO2 | H13: fossil | I13: 1.9161013 | J13: 1.9653543 | K13: 2.0567731 | L13: 2.0992591
A14: Non-Annex_I | B14: India + | C14: AFG | D14: Afghanistan | E14: 1.A.1.a | F14: Main Activity Electricity and Heat Production | G14: CO2 | H14: fossil | I14: 3097.5843 | J14: 3028.3871 | K14: 2743.0271 | L14: 2819.4205
A15: Non-Annex_I | B15: India + | C15: AFG | D15: Afghanistan | E15: 1.A.1.bc | F15: Petroleum Refining - Manufacture of Solid Fuels and Other Energy Industries | G15: CO2 | H15: fossil | I15: 370.57202
A16: Non-Annex_I | B16: India + | C16: AFG | D16: Afghanistan | E16: 1.A.2 | F16: Manufacturing Industries and Construction | G16: CO2 | H16: fossil | I16: 2756.0966 | J16: 3510.5019 | K16: 3225.386 | L16: 3463.4991
A17: Non-Annex_I | B17: India + | C17: AFG | D17: Afghanistan | E17: 1.A.3.a | F17: Civil Aviation | G17: CO2 | H17: fossil | I17: 219.34517 | J17: 227.7743 | K17: 203.13169 | L17: 270.52614
A18: Non-Annex_I | B18: India + | C18: AFG | D18: Afghanistan | E18: 1.A.3.b_noRES | F18: Road Transportation no resuspension | G18: CO2 | H18: fossil | I18: 3702.3051 | J18: 3740.3725 | K18: 3335.7066 | L18: 3319.9407
A19: Non-Annex_I | B19: India + | C19: AFG | D19: Afghanistan | E19: 1.A.3.c | F19: Railways | G19: CO2 | H19: fossil
A20: Non-Annex_I | B20: India + | C20: AFG | D20: Afghanistan | E20: 1.A.3.d | F20: Water-borne Navigation | G20: CO2 | H20: fossil | I20: 254.73213 | J20: 308.61015 | K20: 275.22204 | L20: 265.6358
A21: Non-Annex_I | B21: India + | C21: AFG | D21: Afghanistan | E21: 1.A.3.e | F21: Other Transportation | G21: CO2 | H21: fossil | I21: 267.16801 | J21: 263.49576 | K21: 234.98704 | L21: 233.8764
A22: Non-Annex_I | B22: India + | C22: AFG | D22: Afghanistan | E22: 1.A.4 | F22: Residential and other sectors | G22: CO2 | H22: fossil | I22: 1209.8082 | J22: 1172.145 | K22: 1045.3326 | L22: 1040.392
A23: Non-Annex_I | B23: India + | C23: AFG | D23: Afghanistan | E23: 1.A.5 | F23: Non-Specified | G23: CO2 | H23: fossil | I23: 55.712801 | J23: 59.382521 | K23: 52.957091 | L23: 52.706795
A24: Non-Annex_I | B24: India + | C24: AFG | D24: Afghanistan | E24: 1.B.1 | F24: Solid Fuels | G24: CO2 | H24: fossil | I24: 34.208507 | J24: 37.501426 | K24: 36.811691 | L24: 37.211192
A25: Non-Annex_I | B25: India + | C25: AFG | D25: Afghanistan | E25: 1.B.2 | F25: Oil and Natural Gas | G25: CO2 | H25: fossil | I25: 0.0056872 | J25: 1.6536382e-05 | K25: 1.3752504e-05 | L25: 6.5453638e-06
A26: Non-Annex_I | B26: India + | C26: AFG | D26: Afghanistan | E26: 2.A.1 | F26: Cement production | G26: CO2 | H26: fossil | I26: 28.225153 | J26: 14.112577 | K26: 9.1731748 | L26: 9.1628262
A27: Non-Annex_I | B27: India + | C27: AFG | D27: Afghanistan | E27: 2.A.3 | F27: Glass Production | G27: CO2 | H27: fossil | I27: 1.7427974 | J27: 1.9519783 | K27: 1.9519783 | L27: 1.9519783
A28: Non-Annex_I | B28: India + | C28: AFG | D28: Afghanistan | E28: 2.B | F28: Chemical Industry | G28: CO2 | H28: fossil
A29: Non-Annex_I | B29: India + | C29: AFG | D29: Afghanistan | E29: 2.C | F29: Metal Industry | G29: CO2 | H29: fossil
A30: Non-Annex_I | B30: India + | C30: AFG | D30: Afghanistan | E30: 2.D | F30: Non-Energy Products from Fuels and Solvent Use | G30: CO2 | H30: fossil | I30: 81.265879 | J30: 81.665558 | K30: 81.162568 | L30: 81.955777
A31: Non-Annex_I | B31: India + | C31: AFG | D31: Afghanistan | E31: 3.C.2 | F31: Liming | G31: CO2 | H31: fossil | I31: 6.4952381 | J31: 1.047619 | K31: 2.5142857 | L31: 1.76
A32: Non-Annex_I | B32: India + | C32: AFG | D32: Afghanistan | E32: 3.C.3 | F32: Urea application | G32: CO2 | H32: fossil | I32: 58.299989 | J32: 39.44285 | K32: 50.599991 | L32: 50.599991
A33: Non-Annex_I | B33: Southern_Africa | C33: AGO | D33: Angola | E33: 1.A.1.a | F33: Main Activity Electricity and Heat Production | G33: CO2 | H33: fossil | I33: 3559.029 | J33: 3599.2005 | K33: 3710.0271 | L33: 3727.3556
A34: Non-Annex_I | B34: Southern_Africa | C34: AGO | D34: Angola | E34: 1.A.1.bc | F34: Petroleum Refining - Manufacture of Solid Fuels and Other Energy Industries | G34: CO2 | H34: fossil | I34: 1224.7996 | J34: 967.66203 | K34: 895.81903 | L34: 817.22048
A35: Non-Annex_I | B35: Southern_Africa | C35: AGO | D35: Angola | E35: 1.A.2 | F35: Manufacturing Industries and Construction | G35: CO2 | H35: fossil | I35: 1061.1693 | J35: 1327.6925 | K35: 1730.8093 | L35: 1646.2979
A36: Non-Annex_I | B36: Southern_Africa | C36: AGO | D36: Angola | E36: 1.A.3.a | F36: Civil Aviation | G36: CO2 | H36: fossil | I36: 12.219722 | J36: 10.689114 | K36: 46.232572 | L36: 52.106165
A37: Non-Annex_I | B37: Southern_Africa | C37: AGO | D37: Angola | E37: 1.A.3.b_noRES | F37: Road Transportation no resuspension | G37: CO2 | H37: fossil | I37: 3870.8567 | J37: 7051.3758 | K37: 8220.7424 | L37: 8479.7924
A38: Non-Annex_I | B38: Southern_Africa | C38: AGO | D38: Angola | E38: 1.A.3.d | F38: Water-borne Navigation | G38: CO2 | H38: fossil | I38: 16.677983 | J38: 27.984747 | K38: 32.839416 | L38: 30.764549
A39: Non-Annex_I | B39: Southern_Africa | C39: AGO | D39: Angola | E39: 1.A.3.e | F39: Other Transportation | G39: CO2 | H39: fossil
A40: Non-Annex_I | B40: Southern_Africa | C40: AGO | D40: Angola | E40: 1.A.4 | F40: Residential and other sectors | G40: CO2 | H40: fossil | I40: 5344.2554 | J40: 7244.5449 | K40: 6915.3735 | L40: 7133.289
A41: Non-Annex_I | B41: Southern_Africa | C41: AGO | D41: Angola | E41: 1.A.5 | F41: Non-Specified | G41: CO2 | H41: fossil | I41: 10.465832 | J41: 21.589708 | K41: 24.945817 | L41: 25.731903
A42: Non-Annex_I | B42: Southern_Africa | C42: AGO | D42: Angola | E42: 1.B.2 | F42: Oil and Natural Gas | G42: CO2 | H42: fossil | I42: 3684.0375 | J42: 3556.4531 | K42: 3309.41 | L42: 3625.7065
A43: Non-Annex_I | B43: Southern_Africa | C43: AGO | D43: Angola | E43: 2.A.1 | F43: Cement production | G43: CO2 | H43: fossil | I43: 1093.7409 | J43: 1093.7409 | K43: 1132.8031 | L43: 1131.5251
A44: Non-Annex_I | B44: Southern_Africa | C44: AGO | D44: Angola | E44: 2.A.2 | F44: Lime production | G44: CO2 | H44: fossil | I44: 600 | J44: 600 | K44: 600 | L44: 600
A45: Non-Annex_I | B45: Southern_Africa | C45: AGO | D45: Angola | E45: 2.A.3 | F45: Glass Production | G45: CO2 | H45: fossil | I45: 1.4749939 | J45: 1.6520314 | K45: 1.6520314 | L45: 1.6520314
A46: Non-Annex_I | B46: Southern_Africa | C46: AGO | D46: Angola | E46: 2.A.4 | F46: Other Process Uses of Carbonates | G46: CO2 | H46: fossil | I46: 4.7922988 | J46: 5.3674989 | K46: 5.3674989 | L46: 5.3674989
A47: Non-Annex_I | B47: Southern_Africa | C47: AGO | D47: Angola | E47: 2.C | F47: Metal Industry | G47: CO2 | H47: fossil
A48: Non-Annex_I | B48: Southern_Africa | C48: AGO | D48: Angola | E48: 2.D | F48: Non-Energy Products from Fuels and Solvent Use | G48: CO2 | H48: fossil | I48: 54.519578 | J48: 56.15824 | K48: 57.891779 | L48: 59.196154
A49: Non-Annex_I | B49: Rest Central America | C49: AIA | D49: Anguilla | E49: 1.A.1.a | F49: Main Activity Electricity and Heat Production | G49: CO2 | H49: fossil | I49: 0.8698237 | J49: 0.880383 | K49: 0.8685311 | L49: 0.89314835
A50: Non-Annex_I | B50: Rest Central America | C50: AIA | D50: Anguilla | E50: 1.A.2 | F50: Manufacturing Industries and Construction | G50: CO2 | H50: fossil | I50: 0.9738779 | J50: 0.93919575 | K50: 0.93266559 | L50: 0.93123441
A51: Non-Annex_I | B51: Rest Central America | C51: AIA | D51: Anguilla | E51: 1.A.3.b_noRES | F51: Road Transportation no resuspension | G51: CO2 | H51: fossil | I51: 20.922918 | J51: 20.162085 | K51: 20.024067 | L51: 19.983521
A52: Non-Annex_I | B52: Rest Central America | C52: AIA | D52: Anguilla | E52: 1.A.4 | F52: Residential and other sectors | G52: CO2 | H52: fossil | I52: 0.0113932 | J52: 0.010990384 | K52: 0.010913568 | L52: 0.010898634
A53: Non-Annex_I | B53: Rest Central America | C53: AIA | D53: Anguilla | E53: 1.A.5 | F53: Non-Specified | G53: CO2 | H53: fossil | I53: 0.0026962 | J53: 0.0026295987 | K53: 0.0026110127 | L53: 0.0026306032
A54: Non-Annex_I | B54: Rest Central America | C54: AIA | D54: Anguilla | E54: 1.B.1 | F54: Solid Fuels | G54: CO2 | H54: fossil
A55: Non-Annex_I | B55: Rest Central America | C55: AIA | D55: Anguilla | E55: 1.B.2 | F55: Oil and Natural Gas | G55: CO2 | H55: fossil
A56: Non-Annex_I | B56: Rest Central America | C56: AIA | D56: Anguilla | E56: 2.A.3 | F56: Glass Production | G56: CO2 | H56: fossil | I56: 0.0007607 | J56: 0.00076831852 | K56: 0.00077598812 | L56: 0.00078352567
A57: Non-Annex_I | B57: Rest Central America | C57: AIA | D57: Anguilla | E57: 2.A.4 | F57: Other Process Uses of Carbonates | G57: CO2 | H57: fossil
A58: Non-Annex_I | B58: Rest Central America | C58: AIA | D58: Anguilla | E58: 2.D | F58: Non-Energy Products from Fuels and Solvent Use | G58: CO2 | H58: fossil | I58: 0.0946868 | J58: 0.094275946 | K58: 0.094275946 | L58: 0.095727609
A59: Int. Aviation | B59: Int. Aviation | C59: AIR | D59: Int. Aviation | E59: 1.A.3.a | F59: Civil Aviation | G59: CO2 | H59: fossil | I59: 295699.05 | J59: 326402.53 | K59: 471471.37 | L59: 570728.5
A60: Non-Annex_I | B60: Central Europe | C60: ALB | D60: Albania | E60: 1.A.1.a | F60: Main Activity Electricity and Heat Production | G60: CO2 | H60: fossil
A61: Non-Annex_I | B61: Central Europe | C61: ALB | D61: Albania | E61: 1.A.1.bc | F61: Petroleum Refining - Manufacture of Solid Fuels and Other Energy Industries | G61: CO2 | H61: fossil | I61: 134.14424 | J61: 146.51454 | K61: 118.8038 | L61: 116.66039
A62: Non-Annex_I | B62: Central Europe | C62: ALB | D62: Albania | E62: 1.A.2 | F62: Manufacturing Industries and Construction | G62: CO2 | H62: fossil | I62: 981.57102 | J62: 1200.2386 | K62: 1045.1358 | L62: 939.18353
A63: Non-Annex_I | B63: Central Europe | C63: ALB | D63: Albania | E63: 1.A.3.a | F63: Civil Aviation | G63: CO2 | H63: fossil
A64: Non-Annex_I | B64: Central Europe | C64: ALB | D64: Albania | E64: 1.A.3.b_noRES | F64: Road Transportation no resuspension | G64: CO2 | H64: fossil | I64: 1421.5429 | J64: 1631.4186 | K64: 1553.36 | L64: 1419.4119
A65: Non-Annex_I | B65: Central Europe | C65: ALB | D65: Albania | E65: 1.A.3.c | F65: Railways | G65: CO2 | H65: fossil | I65: 6.6599598 | J65: 6.6599598 | K65: 6.6599598 | L65: 6.3428859
A66: Non-Annex_I | B66: Central Europe | C66: ALB | D66: Albania | E66: 1.A.3.d | F66: Water-borne Navigation | G66: CO2 | H66: fossil | I66: 104.2666 | J66: 110.60949 | K66: 108.03565 | L66: 104.39273
A67: Non-Annex_I | B67: Central Europe | C67: ALB | D67: Albania | E67: 1.A.3.e | F67: Other Transportation | G67: CO2 | H67: fossil
A68: Non-Annex_I | B68: Central Europe | C68: ALB | D68: Albania | E68: 1.A.4 | F68: Residential and other sectors | G68: CO2 | H68: fossil | I68: 744.51869 | J68: 795.58226 | K68: 782.69885 | L68: 743.865
A69: Non-Annex_I | B69: Central Europe | C69: ALB | D69: Albania | E69: 1.A.5 | F69: Non-Specified | G69: CO2 | H69: fossil
A70: Non-Annex_I | B70: Central Europe | C70: ALB | D70: Albania | E70: 1.B.1 | F70: Solid Fuels | G70: CO2 | H70: fossil | I70: 1.0877941 | J70: 2.0548162 | K70: 1.8521445 | L70: 2.3978682
A71: Non-Annex_I | B71: Central Europe | C71: ALB | D71: Albania | E71: 1.B.2 | F71: Oil and Natural Gas | G71: CO2 | H71: fossil | I71: 5.6326429 | J71: 5.4212609 | K71: 19.305577 | L71: 6.9072628
A72: Non-Annex_I | B72: Central Europe | C72: ALB | D72: Albania | E72: 2.A.1 | F72: Cement production | G72: CO2 | H72: fossil | I72: 1004.7901 | J72: 997.2203 | K72: 689.24935 | L72: 688.47178
A73: Non-Annex_I | B73: Central Europe | C73: ALB | D73: Albania | E73: 2.A.3 | F73: Glass Production | G73: CO2 | H73: fossil | I73: 0.1530746 | J73: 0.1714475 | K73: 0.1714475 | L73: 0.1714475
A74: Non-Annex_I | B74: Central Europe | C74: ALB | D74: Albania | E74: 2.A.4 | F74: Other Process Uses of Carbonates | G74: CO2 | H74: fossil | I74: 0.003873 | J74: 0.0043378661 | K74: 0.0043378661 | L74: 0.0043378661
A75: Non-Annex_I | B75: Central Europe | C75: ALB | D75: Albania | E75: 2.B | F75: Chemical Industry | G75: CO2 | H75: fossil
A76: Non-Annex_I | B76: Central Europe | C76: ALB | D76: Albania | E76: 2.C | F76: Metal Industry | G76: CO2 | H76: fossil | I76: 85.6059 | J76: 150.81 | K76: 120.2522 | L76: 114.97374
A77: Non-Annex_I | B77: Central Europe | C77: ALB | D77: Albania | E77: 2.D | F77: Non-Energy Products from Fuels and Solvent Use | G77: CO2 | H77: fossil | I77: 14.33641 | J77: 14.371808 | K77: 14.841115 | L77: 14.929803
A78: Non-Annex_I | B78: Central Europe | C78: ALB | D78: Albania | E78: 3.C.2 | F78: Liming | G78: CO2 | H78: fossil | I78: 32.266667 | J78: 24.619048 | K78: 37.714286 | L78: 39.264762
A79: Non-Annex_I | B79: Central Europe | C79: ALB | D79: Albania | E79: 3.C.3 | F79: Urea application | G79: CO2 | H79: fossil | I79: 28.285709 | J79: 23.728567 | K79: 22.942853 | L79: 22.691424
A80: Non-Annex_I | B80: Central Europe | C80: ALB | D80: Albania | E80: 4.C | F80: Incineration and Open Burning of Waste | G80: CO2 | H80: fossil | I80: 2.7823294 | J80: 2.8186438 | K80: 2.8554321 | L80: 2.8973366
A81: Non-Annex_I | B81: Rest Central America | C81: ANT | D81: Netherlands Antilles | E81: 1.A.1.a | F81: Main Activity Electricity and Heat Production | G81: CO2 | H81: fossil | I81: 445.34894 | J81: 530.71391 | K81: 525.60734 | L81: 524.54304
A82: Non-Annex_I | B82: Rest Central America | C82: ANT | D82: Netherlands Antilles | E82: 1.A.1.bc | F82: Petroleum Refining - Manufacture of Solid Fuels and Other Energy Industries | G82: CO2 | H82: fossil
A83: Non-Annex_I | B83: Rest Central America | C83: ANT | D83: Netherlands Antilles | E83: 1.A.2 | F83: Manufacturing Industries and Construction | G83: CO2 | H83: fossil | I83: 403.10457 | J83: 420.21777 | K83: 445.01017 | L83: 444.10907
A84: Non-Annex_I | B84: Rest Central America | C84: ANT | D84: Netherlands Antilles | E84: 1.A.3.b_noRES | F84: Road Transportation no resuspension | G84: CO2 | H84: fossil | I84: 1077.7806 | J84: 1113.8822 | K84: 1168.0116 | L84: 1165.6465
A85: Non-Annex_I | B85: Rest Central America | C85: ANT | D85: Netherlands Antilles | E85: 1.A.4 | F85: Residential and other sectors | G85: CO2 | H85: fossil | I85: 141.67745 | J85: 138.9344 | K85: 137.10781 | L85: 136.83019
A86: Non-Annex_I | B86: Rest Central America | C86: ANT | D86: Netherlands Antilles | E86: 1.B.2 | F86: Oil and Natural Gas | G86: CO2 | H86: fossil
A87: Non-Annex_I | B87: Rest Central America | C87: ANT | D87: Netherlands Antilles | E87: 2.A.3 | F87: Glass Production | G87: CO2 | H87: fossil | I87: 0.0014176 | J87: 0.0014558284 | K87: 0.0014950383 | L87: 0.0015330841
A88: Non-Annex_I | B88: Rest Central America | C88: ANT | D88: Netherlands Antilles | E88: 2.A.4 | F88: Other Process Uses of Carbonates | G88: CO2 | H88: fossil
A89: Non-Annex_I | B89: Rest Central America | C89: ANT | D89: Netherlands Antilles | E89: 2.D | F89: Non-Energy Products from Fuels and Solvent Use | G89: CO2 | H89: fossil | I89: 34.874214 | J89: 36.34456 | K89: 38.474968 | L89: 37.139092
A90: Non-Annex_I | B90: Middle_East | C90: ARE | D90: United Arab Emirates | E90: 1.A.1.a | F90: Main Activity Electricity and Heat Production | G90: CO2 | H90: fossil | I90: 68469.607 | J90: 70665.86 | K90: 65111.861 | L90: 60501.588
A91: Non-Annex_I | B91: Middle_East | C91: ARE | D91: United Arab Emirates | E91: 1.A.1.bc | F91: Petroleum Refining - Manufacture of Solid Fuels and Other Energy Industries | G91: CO2 | H91: fossil | I91: 2236.5486 | J91: 2507.246 | K91: 2352.5215 | L91: 2391.3621
A92: Non-Annex_I | B92: Middle_East | C92: ARE | D92: United Arab Emirates | E92: 1.A.2 | F92: Manufacturing Industries and Construction | G92: CO2 | H92: fossil | I92: 73439.33 | J92: 70998.414 | K92: 69976.066 | L92: 70760.372
A93: Non-Annex_I | B93: Middle_East | C93: ARE | D93: United Arab Emirates | E93: 1.A.3.a | F93: Civil Aviation | G93: CO2 | H93: fossil | I93: 984.10741 | J93: 1144.04 | K93: 1195.2762 | L93: 1318.136
A94: Non-Annex_I | B94: Middle_East | C94: ARE | D94: United Arab Emirates | E94: 1.A.3.b_noRES | F94: Road Transportation no resuspension | G94: CO2 | H94: fossil | I94: 29724.947 | J94: 32877.949 | K94: 34392.886 | L94: 35579.835
A95: Non-Annex_I | B95: Middle_East | C95: ARE | D95: United Arab Emirates | E95: 1.A.4 | F95: Residential and other sectors | G95: CO2 | H95: fossil | I95: 513.14119 | J95: 578.34053 | K95: 613.8816 | L95: 635.06756
A96: Non-Annex_I | B96: Middle_East | C96: ARE | D96: United Arab Emirates | E96: 1.B.2 | F96: Oil and Natural Gas | G96: CO2 | H96: fossil | I96: 2433.1086 | J96: 2262.6968 | K96: 2445.3081 | L96: 2399.0519
A97: Non-Annex_I | B97: Middle_East | C97: ARE | D97: United Arab Emirates | E97: 2.A.1 | F97: Cement production | G97: CO2 | H97: fossil | I97: 6634.4562 | J97: 6678.9828 | K97: 6768.0359 | L97: 6760.4006
A98: Non-Annex_I | B98: Middle_East | C98: ARE | D98: United Arab Emirates | E98: 2.A.2 | F98: Lime production | G98: CO2 | H98: fossil | I98: 352.5 | J98: 360 | K98: 367.5 | L98: 367.5
A99: Non-Annex_I | B99: Middle_East | C99: ARE | D99: United Arab Emirates | E99: 2.A.3 | F99: Glass Production | G99: CO2 | H99: fossil | I99: 0.4549143 | J99: 0.50951585 | K99: 0.50951585 | L99: 0.50951585
A100: Non-Annex_I | B100: Middle_East | C100: ARE | D100: United Arab Emirates | E100: 2.A.4 | F100: Other Process Uses of Carbonates | G100: CO2 | H100: fossil
...

Sheet IEA World Energy Balances 2025
A1: Source: IEA (2025). All rights reserved. (https://www.iea.org/terms)
A2: Country | B2: Product | C2: Flow | D2: 2020 | E2: 2021 | F2: 2022 | G2: 2023 | L2: 2020 Activity
A3: Australia | B3: Coal, peat and oil shale | C3: Production (PJ) | D3: 12335 | E3: 11467.57 | F3: 11416.066 | G3: 10814.978 | L3: Geography | M3: Unit | N3: 2020 | O3: 2021 | P3: 2022 | Q3: 2023
A4: Australia | B4: Coal, peat and oil shale | C4: Imports (PJ) | D4: 19 | E4: 12.416851 | F4: 15.0273 | G4: 15.048749 | L4: Advanced Economies | M4: PJ | N4: =D4183+D4195 -> 42225 | O4: =E4183+E4195 -> 43497.996 | P4: =F4183+F4195 -> 43389.806 | Q4: =G4183+G4195 -> 42740.591
A5: Australia | B5: Coal, peat and oil shale | C5: Exports (PJ) | D5: -10505 | E5: -9866.1883 | F5: -9687.7713 | G5: -9147.4906 | L5: Emerging Economies | M5: PJ | N5: =D5695+D5707 -> 70514 | O5: =E5695+E5707 -> 76740.932 | P5: =F5695+F5707 -> 79754.652 | Q5: =G5695+G5707 -> 83937.158
A6: Australia | B6: Coal, peat and oil shale | C6: Total energy supply (PJ) | D6: 1783 | E6: 1683.9936 | F6: 1567.0465 | G6: 1465.6333 | L6: Global | M6: PJ | N6: =D6559+D6571 -> 112739 | O6: =E6559+E6571 -> 120238.93 | P6: =F6559+F6571 -> 123144.46 | Q6: =G6559+G6571 -> 126677.75
A7: Australia | B7: Coal, peat and oil shale | C7: Electricity, CHP and heat plants (PJ) | D7: -1516 | E7: -1468.2661 | F7: -1395.8131 | G7: -1343.3934
A8: Australia | B8: Coal, peat and oil shale | C8: Oil refineries, transformation (PJ) | D8: 0 | E8: 0 | F8: 0 | G8: 0
A9: Australia | B9: Coal, peat and oil shale | C9: Total final consumption (PJ) | D9: 112 | E9: 113.33159 | F9: 113.07029 | G9: 106.45205
A10: Australia | B10: Coal, peat and oil shale | C10: Industry (PJ) | D10: 111 | E10: 113.09689 | F10: 112.92609 | G10: 106.30065
A11: Australia | B11: Coal, peat and oil shale | C11: Transport (PJ) | D11: 0 | E11: 0 | F11: 0 | G11: 0
A12: Australia | B12: Coal, peat and oil shale | C12: Residential (PJ) | D12: 0 | E12: 0.020997 | F12: 0 | G12: 0
A13: Australia | B13: Coal, peat and oil shale | C13: Commercial and public services (PJ) | D13: 1 | E13: 0.213698 | F13: 0.144198 | G13: 0.151399
A14: Australia | B14: Coal, peat and oil shale | C14: Other final consumption (PJ) | D14: 0 | E14: 0 | F14: 0 | G14: 0
A15: Australia | B15: Crude, NGL and feedstocks | C15: Production (PJ) | D15: 875 | E15: 785.06719 | F15: 806.79024 | G15: 747.02096
A16: Australia | B16: Crude, NGL and feedstocks | C16: Imports (PJ) | D16: 631 | E16: 491.78815 | F16: 359.45287 | G16: 337.5364
A17: Australia | B17: Crude, NGL and feedstocks | C17: Exports (PJ) | D17: -595 | E17: -563.59615 | F17: -592.66445 | G17: -575.49772
A18: Australia | B18: Crude, NGL and feedstocks | C18: Total energy supply (PJ) | D18: 911 | E18: 730.01859 | F18: 569.63567 | G18: 511.31896
... A86: Australia | B86: Electricity | C86: Other final consumption (PJ) | D86: 7 | E86: 7.461288 | F86: 6.351283 | G86: 7.292652
A87: Australia | B87: Heat | C87: Production (PJ) | D87: .. | E87: .. | F87: .. | G87: ..
A88: Australia | B88: Heat | C88: Imports (PJ) | D88: 0 | E88: 0 | F88: .. | G88: 0
A89: Australia | B89: Heat | C89: Exports (PJ) | D89: 0 | E89: 0 | F89: .. | G89: 0
A90: Australia | B90: Heat | C90: Total energy supply (PJ) | D90: .. | E90: .. | F90: .. | G90: ..
A91: Australia | B91: Heat | C91: Electricity, CHP and heat plants (PJ) | D91: .. | E91: .. | F91: .. | G91: ..
A92: Australia | B92: Heat | C92: Oil refineries, transformation (PJ) | D92: 0 | E92: 0 | F92: .. | G92: 0
A93: Australia | B93: Heat | C93: Total final consumption (PJ) | D93: .. | E93: .. | F93: .. | G93: ..
A94: Australia | B94: Heat | C94: Industry (PJ) | D94: .. | E94: .. | F94: .. | G94: ..
A95: Australia | B95: Heat | C95: Transport (PJ) | D95: .. | E95: .. | F95: .. | G95: ..
A96: Australia | B96: Heat | C96: Residential (PJ) | D96: .. | E96: .. | F96: .. | G96: ..
A97: Australia | B97: Heat | C97: Commercial and public services (PJ) | D97: .. | E97: .. | F97: .. | G97: ..
A98: Australia | B98: Heat | C98: Other final consumption (PJ) | D98: .. | E98: .. | F98: .. | G98: ..
A99: Australia | B99: Total | C99: Production (PJ) | D99: 18950 | E99: 17851.936 | F99: 18248.389 | G99: 17675.59
A100: Australia | B100: Total | C100: Imports (PJ) | D100: 2088 | E100: 1965.5544 | F100: 1999.669 | G100: 2139.4462
A101: Australia | B101: Total | C101: Exports (PJ) | D101: -15236 | E101: -14461.874 | F101: -14612.695 | G101: -13935.874
A102: Australia | B102: Total | C102: Total energy supply (PJ) | D102: 5540 | E102: 5383.9138 | F102: 5383.7554 | G102: 5500.2308
A103: Australia | B103: Total | C103: Electricity, CHP and heat plants (PJ) | D103: -1371 | E103: -1304.5265 | F103: -1251.7123 | G103: -1224.112
A104: Australia | B104: Total | C104: Oil refineries, transformation (PJ) | D104: -9 | E104: -17.863497 | F104: -1.46929 | G104: -4.291118
A105: Australia | B105: Total | C105: Total final consumption (PJ) | D105: 3306 | E105: 3314.0366 | F105: 3326.1235 | G105: 3415.9464
A106: Australia | B106: Total | C106: Industry (PJ) | D106: 941 | E106: 965.82272 | F106: 961.78107 | G106: 967.98951
A107: Australia | B107: Total | C107: Transport (PJ) | D107: 1292 | E107: 1248.6624 | F107: 1270.5218 | G107: 1377.1367
A108: Australia | B108: Total | C108: Residential (PJ) | D108: 457 | E108: 466.93615 | F108: 475.48471 | G108: 465.01621
A109: Australia | B109: Total | C109: Commercial and public services (PJ) | D109: 311 | E109: 299.24578 | F109: 305.79907 | G109: 316.16075
A110: Australia | B110: Total | C110: Other final consumption (PJ) | D110: 305 | E110: 333.36959 | F110: 312.53685 | G110: 289.64321
... A1741: Ireland | B1741: Coal, peat and oil shale | C1741: Commercial and public services (PJ) | D1741: 0 | E1741: 0.00824 | F1741: 0.00888 | G1741: 0.00888
A1742: Ireland | B1742: Coal, peat and oil shale | C1742: Other final consumption (PJ) | D1742: c | E1742: c | F1742: c | G1742: 0
A1743: Ireland | B1743: Crude, NGL and feedstocks | C1743: Production (PJ) | D1743: 0 | E1743: 0 | F1743: 0 | G1743: 0
A1744: Ireland | B1744: Crude, NGL and feedstocks | C1744: Imports (PJ) | D1744: 124 | E1744: 127.2975 | F1744: 130.95298 | G1744: 115.67096
A1745: Ireland | B1745: Crude, NGL and feedstocks | C1745: Exports (PJ) | D1745: 0 | E1745: 0 | F1745: 0 | G1745: 0
A1746: Ireland | B1746: Crude, NGL and feedstocks | C1746: Total energy supply (PJ) | D1746: 122 | E1746: 129.62347 | F1746: 127.62063 | G1746: 118.65963
A1747: Ireland | B1747: Crude, NGL and feedstocks | C1747: Electricity, CHP and heat plants (PJ) | D1747: 0 | E1747: 0 | F1747: 0 | G1747: 0
A1748: Ireland | B1748: Crude, NGL and feedstocks | C1748: Oil refineries, transformation (PJ) | D1748: -124 | E1748: -130.99405 | F1748: -130.00303 | G1748: -121.30224
A1749: Ireland | B1749: Crude, NGL and feedstocks | C1749: Total final consumption (PJ) | D1749: 0 | E1749: 0 | F1749: 0 | G1749: 0
A1750: Ireland | B1750: Crude, NGL and feedstocks | C1750: Industry (PJ) | D1750: 0 | E1750: 0 | F1750: 0 | G1750: 0
A1751: Ireland | B1751: Crude, NGL and feedstocks | C1751: Transport (PJ) | D1751: 0 | E1751: 0 | F1751: 0 | G1751: 0
A1752: Ireland | B1752: Crude, NGL and feedstocks | C1752: Residential (PJ) | D1752: 0 | E1752: 0 | F1752: 0 | G1752: 0
A1753: Ireland | B1753: Crude, NGL and feedstocks | C1753: Commercial and public services (PJ) | D1753: 0 | E1753: 0 | F1753: 0 | G1753: 0
A1754: Ireland | B1754: Crude, NGL and feedstocks | C1754: Other final consumption (PJ) | D1754: 0 | E1754: 0 | F1754: 0 | G1754: 0
... A1926: Israel | B1926: Heat | C1926: Total energy supply (PJ) | D1926: 0 | E1926: 0 | F1926: 0 | G1926: 0
A1927: Israel | B1927: Heat | C1927: Electricity, CHP and heat plants (PJ) | D1927: 0 | E1927: 0 | F1927: 0 | G1927: ..
A1928: Israel | B1928: Heat | C1928: Oil refineries, transformation (PJ) | D1928: 0 | E1928: 0 | F1928: 0 | G1928: 0
A1929: Israel | B1929: Heat | C1929: Total final consumption (PJ) | D1929: 0 | E1929: 0 | F1929: 0 | G1929: 0
A1930: Israel | B1930: Heat | C1930: Industry (PJ) | D1930: 0 | E1930: 0 | F1930: 0 | G1930: 0
A1931: Israel | B1931: Heat | C1931: Transport (PJ) | D1931: 0 | E1931: 0 | F1931: 0 | G1931: 0
A1932: Israel | B1932: Heat | C1932: Residential (PJ) | D1932: 0 | E1932: 0 | F1932: 0 | G1932: 0
A1933: Israel | B1933: Heat | C1933: Commercial and public services (PJ) | D1933: 0 | E1933: 0 | F1933: 0 | G1933: 0
A1934: Israel | B1934: Heat | C1934: Other final consumption (PJ) | D1934: 0 | E1934: 0 | F1934: 0 | G1934: 0
A1935: Israel | B1935: Total | C1935: Production (PJ) | D1935: 577 | E1935: 715.61443 | F1935: 810.69185 | G1935: 924.05586
A1936: Israel | B1936: Total | C1936: Imports (PJ) | D1936: 797 | E1936: 782.89167 | F1936: 839.11077 | G1936: 779.70044
A1937: Israel | B1937: Total | C1937: Exports (PJ) | D1937: -387 | E1937: -508.68783 | F1937: -577.94643 | G1937: -640.40107
A1938: Israel | B1938: Total | C1938: Total energy supply (PJ) | D1938: 947 | E1938: 954.44012 | F1938: 1000.953 | G1938: 1014.2461
A1939: Israel | B1939: Total | C1939: Electricity, CHP and heat plants (PJ) | D1939: -230 | E1939: -230.57956 | F1939: -237.93209 | G1939: -218.04398
... A4091: United States | B4091: Heat | C4091: Transport (PJ) | D4091: 0 | E4091: 0 | F4091: 0 | G4091: 0
A4092: United States | B4092: Heat | C4092: Residential (PJ) | D4092: .. | E4092: .. | F4092: .. | G4092: ..
A4093: United States | B4093: Heat | C4093: Commercial and public services (PJ) | D4093: 52 | E4093: 49.338871 | F4093: 48.035198 | G4093: 47.768072
A4094: United States | B4094: Heat | C4094: Other final consumption (PJ) | D4094: .. | E4094: .. | F4094: .. | G4094: ..
A4095: United States | B4095: Total | C4095: Production (PJ) | D4095: 90361 | E4095: 92780.317 | F4095: 97156.205 | G4095: 101586.24
A4096: United States | B4096: Total | C4096: Imports (PJ) | D4096: 19851 | E4096: 21262.295 | F4096: 21116.441 | G4096: 21472.075
A4097: United States | B4097: Total | C4097: Exports (PJ) | D4097: -23231 | E4097: -25017.527 | F4097: -27031.057 | G4097: -29548.687
A4098: United States | B4098: Total | C4098: Total energy supply (PJ) | D4098: 85260 | E4098: 89625.152 | F4098: 91063.601 | G4098: 89734.283
A4099: United States | B4099: Total | C4099: Electricity, CHP and heat plants (PJ) | D4099: -17939 | E4099: -18483.854 | F4099: -18469.719 | G4099: -17754.866
A4100: United States | B4100: Total | C4100: Oil refineries, transformation (PJ) | D4100: -1272 | E4100: -1607.6078 | F4100: -1352.047 | G4100: -1432.1493
A4101: United States | B4101: Total | C4101: Total final consumption (PJ) | D4101: 60702 | E4101: 64058.401 | F4101: 66154.223 | G4101: 65374.116
A4102: United States | B4102: Total | C4102: Industry (PJ) | D4102: 11075 | E4102: 11633.989 | F4102: 11762.42 | G4102: 11665.389
A4103: United States | B4103: Total | C4103: Transport (PJ) | D4103: 22900 | E4103: 25326.529 | F4103: 25957.595 | G4103: 25926.239
A4104: United States | B4104: Total | C4104: Residential (PJ) | D4104: 11049 | E4104: 11147.189 | F4104: 11554.325 | G4104: 11058.294
A4105: United States | B4105: Total | C4105: Commercial and public services (PJ) | D4105: 8407 | E4105: 8724.7472 | F4105: 9022.2134 | G4105: 8746.3659
A4106: United States | B4106: Total | C4106: Other final consumption (PJ) | D4106: 7272 | E4106: 7225.9465 | F4106: 7857.6689 | G4106: 7977.829
... A5525: Ukraine | B5525: Crude, NGL and feedstocks | C5525: Exports (PJ) | D5525: -5 | E5525: -3.786931 | F5525: 0 | G5525: 0
A5526: Ukraine | B5526: Crude, NGL and feedstocks | C5526: Total energy supply (PJ) | D5526: 176 | E5526: 190.72804 | F5526: 91.851697 | G5526: ..
A5527: Ukraine | B5527: Crude, NGL and feedstocks | C5527: Electricity, CHP and heat plants (PJ) | D5527: 0 | E5527: 0 | F5527: 0 | G5527: 0
A5528: Ukraine | B5528: Crude, NGL and feedstocks | C5528: Oil refineries, transformation (PJ) | D5528: -174 | E5528: -189.91264 | F5528: 0 | G5528: 0
A5529: Ukraine | B5529: Crude, NGL and feedstocks | C5529: Total final consumption (PJ) | D5529: 0 | E5529: 0.336083 | F5529: 0 | G5529: 0
A5530: Ukraine | B5530: Crude, NGL and feedstocks | C5530: Industry (PJ) | D5530: 0 | E5530: 0.012573 | F5530: 0 | G5530: 0
A5531: Ukraine | B5531: Crude, NGL and feedstocks | C5531: Transport (PJ) | D5531: 0 | E5531: 0 | F5531: 0 | G5531: 0
A5532: Ukraine | B5532: Crude, NGL and feedstocks | C5532: Residential (PJ) | D5532: 0 | E5532: 0 | F5532: 0 | G5532: 0
A5533: Ukraine | B5533: Crude, NGL and feedstocks | C5533: Commercial and public services (PJ) | D5533: 0 | E5533: 0 | F5533: 0 | G5533: 0
A5534: Ukraine | B5534: Crude, NGL and feedstocks | C5534: Other final consumption (PJ) | D5534: 0 | E5534: 0.32351 | F5534: 0 | G5534: 0
A5535: Ukraine | B5535: Oil products | C5535: Production (PJ) | D5535: 0 | E5535: 0 | F5535: 0 | G5535: 0
A5536: Ukraine | B5536: Oil products | C5536: Imports (PJ) | D5536: 424 | E5536: 455.68668 | F5536: 387.76704 | G5536: 407.3758
A5537: Ukraine | B5537: Oil products | C5537: Exports (PJ) | D5537: -9 | E5537: -8.662221 | F5537: 0 | G5537: 0
...
